{"banco":{"nome":"Cubos Bank","numero":"123","agencia":"0001","senha":"Cubos123Bank"},"contas":[{"numero":"1","saldo":0,"usuario":{"nome":"Foo Bar","cpf":"00011122233","data_nascimento":"2021-03-15","telefone":"71999998888","email":"foo@bar.com","senha":"1234"}},{"numero":"2","saldo":5008000,"usuario":{"nome":"Felipe José","cpf":"47825444632","data_nascimento":"1996-09-06","telefone":"71993415699","email":"felipe.jose@gmail.com","senha":"4287114"}},{"numero":"3","saldo":95001000,"usuario":{"nome":"Raquel","cpf":"86045544632","data_nascimento":"1999-07-02","telefone":"71993415699","email":"raquel@gmail.com","senha":"747114"}},{"numero":"4","saldo":0,"usuario":{"nome":"Miguel","cpf":"86015544632","data_nascimento":"2029-07-02","telefone":"71993415699","email":"miguel@gmail.com","senha":"7471874"}}],"saques":[{"data":"2023-06-11 22:38:30","numero_conta":"2","valor":1000},{"data":"2023-06-12 00:51:47","numero_conta":"2","valor":100000},{"data":"2023-06-12 00:51:48","numero_conta":"2","valor":100000},{"data":"2023-06-12 00:51:49","numero_conta":"2","valor":100000}],"depositos":[{"data":"2023-06-11 21:41:41","numero_conta":"2","valor":10000},{"data":"2023-06-11 21:42:40","numero_conta":"2","valor":10000},{"data":"2023-06-12 00:57:36","numero_conta":"3","valor":100000000}],"transferencias":[{"data":"2023-06-11 23:36:35","numero_conta_origem":"2","numero_conta_destino":"3","valor":1000},{"data":"2023-06-12 00:58:54","numero_conta_origem":"3","numero_conta_destino":"2","valor":5000000}]}